{
  "train_loss": [
    7.889422416687012,
    7.612693786621094,
    7.710333824157715,
    7.406924247741699,
    7.532918453216553,
    7.522126197814941,
    7.38314962387085,
    7.348124027252197,
    7.212594509124756,
    6.972100734710693,
    7.215167045593262,
    6.749326229095459,
    6.816522121429443,
    6.708386421203613,
    6.664795875549316,
    6.472261905670166,
    6.146737098693848,
    6.109769344329834,
    6.114325046539307,
    5.956979751586914,
    6.088682651519775,
    5.936222553253174,
    5.097275257110596,
    4.597387790679932,
    4.483283042907715,
    4.5064826011657715,
    4.419599533081055,
    3.5336601734161377,
    2.674597978591919,
    2.372159481048584,
    2.666093587875366,
    3.0102591514587402,
    2.8758630752563477,
    0.9953702688217163,
    0.6139065027236938,
    1.5308051109313965,
    0.9821036458015442,
    1.352655053138733,
    1.3679343461990356,
    0.7411869168281555,
    1.2081034183502197,
    0.7618651390075684,
    1.5090136528015137,
    1.2470982074737549,
    0.9991968274116516,
    0.5855313539505005,
    2.499783754348755,
    2.382678508758545,
    1.6908893585205078,
    0.6243787407875061,
    0.5529667139053345,
    0.5226902961730957,
    1.3609035015106201,
    0.6786335110664368,
    1.6833384037017822,
    0.8062247037887573,
    0.6736887693405151,
    1.8303714990615845,
    0.594809889793396,
    1.063826084136963,
    1.5209448337554932,
    0.6620604395866394,
    0.3217014968395233,
    0.3238888382911682,
    0.4668574333190918,
    0.3225703239440918,
    1.0605765581130981,
    1.0471076965332031,
    1.1389983892440796,
    1.0502939224243164,
    0.5035008788108826,
    0.5264276266098022,
    1.0000247955322266,
    0.8986198306083679,
    0.44812217354774475,
    0.5747246146202087,
    0.4411032199859619,
    0.48265257477760315,
    0.2685430645942688,
    1.415013074874878,
    1.37032151222229,
    0.22035332024097443,
    0.8561579585075378,
    1.7364733219146729,
    0.5170514583587646,
    0.3525242209434509,
    0.3979344964027405,
    1.5032403469085693,
    0.3013319671154022,
    0.3757018446922302,
    0.7448951601982117,
    1.2490665912628174,
    0.6815986633300781,
    1.6252477169036865,
    0.5806064605712891,
    0.3458714485168457,
    1.2769949436187744,
    0.4106745719909668,
    1.638524055480957,
    0.6925720572471619
  ],
  "val_loss": [
    5.0431671142578125,
    5.007431507110596,
    4.966864109039307,
    4.921042442321777,
    4.877986907958984,
    4.834082126617432,
    4.788403034210205,
    4.737969398498535,
    4.683012962341309,
    4.626823425292969,
    4.571438789367676,
    4.507627487182617,
    4.434335231781006,
    4.348991870880127,
    4.257257461547852,
    4.147304058074951,
    4.0357985496521,
    3.929044723510742,
    3.804023504257202,
    3.662541389465332,
    3.505974769592285,
    3.3339507579803467,
    3.1427860260009766,
    2.929877996444702,
    2.6871824264526367,
    2.4142117500305176,
    2.122066020965576,
    1.8144903182983398,
    1.498149037361145,
    1.1801608800888062,
    0.8715705871582031,
    0.5842273831367493,
    0.33454906940460205,
    0.14507320523262024,
    0.03873920068144798,
    0.002291004406288266,
    0.01075275894254446,
    0.06383606791496277,
    0.13326774537563324,
    0.18521584570407867,
    0.16973717510700226,
    0.1398160457611084,
    0.10823260247707367,
    0.08603484183549881,
    0.06587575376033783,
    0.04443545639514923,
    0.011069233529269695,
    0.001225748797878623,
    0.0025668235030025244,
    0.017531631514430046,
    0.04007931053638458,
    0.06666751205921173,
    0.09448317438364029,
    0.12067513167858124,
    0.13980668783187866,
    0.1593477576971054,
    0.17212119698524475,
    0.17979037761688232,
    0.18506905436515808,
    0.18457162380218506,
    0.18155847489833832,
    0.17819292843341827,
    0.17472338676452637,
    0.168708935379982,
    0.16218280792236328,
    0.1549507975578308,
    0.147853285074234,
    0.138749897480011,
    0.1290259212255478,
    0.11826120316982269,
    0.11390269547700882,
    0.10965175181627274,
    0.10428830981254578,
    0.10020874440670013,
    0.0961695984005928,
    0.092047318816185,
    0.08827298134565353,
    0.08456823229789734,
    0.08082694560289383,
    0.07638739049434662,
    0.07155033946037292,
    0.06945862621068954,
    0.06826888769865036,
    0.06701170653104782,
    0.06556275486946106,
    0.06469844281673431,
    0.06398048251867294,
    0.06379722058773041,
    0.063779816031456,
    0.06413809955120087,
    0.06495558470487595,
    0.06577164679765701,
    0.06622292846441269,
    0.06651689857244492,
    0.06678982824087143,
    0.06709560751914978,
    0.06722072511911392,
    0.0673641487956047,
    0.06775952130556107,
    0.0681515783071518
  ],
  "train_mae": [
    2.7643139362335205,
    2.711550235748291,
    2.733790397644043,
    2.6789629459381104,
    2.700650691986084,
    2.697747230529785,
    2.6693625450134277,
    2.6665773391723633,
    2.6422815322875977,
    2.6007843017578125,
    2.641918420791626,
    2.5626144409179688,
    2.5599048137664795,
    2.536975383758545,
    2.5343308448791504,
    2.504728078842163,
    2.431687593460083,
    2.4346344470977783,
    2.40810489654541,
    2.392299175262451,
    2.4134366512298584,
    2.375058889389038,
    2.1960270404815674,
    2.095670223236084,
    1.9955081939697266,
    2.0437471866607666,
    2.0593321323394775,
    1.8090534210205078,
    1.5767377614974976,
    1.3313534259796143,
    1.5196857452392578,
    1.627333402633667,
    1.4784796237945557,
    0.7925035357475281,
    0.6765574216842651,
    1.0341023206710815,
    0.9083942174911499,
    0.9218093156814575,
    0.9377924203872681,
    0.5281427502632141,
    1.0335052013397217,
    0.6602543592453003,
    1.1725025177001953,
    1.071313500404358,
    0.8487774133682251,
    0.7034639120101929,
    1.1948120594024658,
    1.4514133930206299,
    1.0045719146728516,
    0.7460781335830688,
    0.6749702095985413,
    0.6343372464179993,
    0.7937100529670715,
    0.7115152478218079,
    1.2036499977111816,
    0.7137173414230347,
    0.768969714641571,
    1.1149824857711792,
    0.6899667382240295,
    0.7874508500099182,
    0.9314796328544617,
    0.6100724935531616,
    0.443678081035614,
    0.5445683598518372,
    0.6046804189682007,
    0.5085709095001221,
    0.8274887800216675,
    0.8941551446914673,
    0.8040574789047241,
    0.850128173828125,
    0.6932174563407898,
    0.6707595586776733,
    0.9592788815498352,
    0.905735194683075,
    0.5716963410377502,
    0.6771915555000305,
    0.619127631187439,
    0.466478168964386,
    0.4224311411380768,
    1.0675867795944214,
    0.8596696853637695,
    0.3696027398109436,
    0.8169582486152649,
    1.032902479171753,
    0.5195096731185913,
    0.4518609941005707,
    0.5646497011184692,
    1.0914024114608765,
    0.5335004329681396,
    0.5072910785675049,
    0.7724955081939697,
    0.7741596102714539,
    0.7752351760864258,
    0.9175639152526855,
    0.6288512349128723,
    0.5101262331008911,
    0.9700080156326294,
    0.5284680128097534,
    1.1263900995254517,
    0.6320761442184448
  ],