{
  "train_loss": [
    4.256492614746094,
    4.182625770568848,
    4.139266490936279,
    4.066340923309326,
    4.028448104858398,
    3.924431800842285,
    3.8869669437408447,
    3.7018532752990723,
    3.6569786071777344,
    3.5677506923675537,
    3.619652271270752,
    3.4254724979400635,
    3.3925554752349854,
    3.1966583728790283,
    3.212860584259033,
    2.9407413005828857,
    2.619567632675171,
    2.604367971420288,
    2.478358268737793,
    2.2340195178985596,
    1.9994450807571411,
    2.0429816246032715,
    1.5985015630722046,
    1.2836471796035767,
    1.3343671560287476,
    1.056498408317566,
    1.0729482173919678,
    1.2065889835357666,
    0.9689821004867554,
    0.9761447310447693,
    0.8300455808639526,
    0.9859816431999207,
    0.8435620665550232,
    0.9786316752433777,
    0.8526573777198792,
    0.8353630304336548,
    1.047372817993164,
    0.6175872087478638,
    0.32405325770378113,
    0.6386558413505554,
    0.33972886204719543,
    0.5157463550567627,
    0.6696799993515015,
    0.2975606620311737,
    0.48538610339164734,
    0.509421169757843,
    0.3345298767089844,
    0.5214909315109253,
    0.7198855876922607,
    0.2360755056142807,
    0.4673840403556824,
    0.44557449221611023,
    0.2514827847480774,
    0.3186194598674774,
    0.2917197346687317,
    0.2599068582057953,
    0.28711244463920593,
    0.3152180016040802,
    0.30064642429351807,
    0.3336988687515259,
    0.37270739674568176,
    0.3382793068885803,
    0.6427696347236633,
    0.7241329550743103,
    0.4199914336204529,
    0.4572376310825348,
    0.35792022943496704,
    0.3494039475917816,
    0.5080332159996033,
    0.4470682144165039,
    0.6550847291946411,
    0.5435056686401367,
    0.3527988791465759,
    0.4391135573387146,
    0.35307201743125916,
    0.37952664494514465,
    0.4501747190952301,
    0.5911653637886047,
    0.36342141032218933,
    0.3345701992511749,
    0.4727993607521057,
    0.5178991556167603,
    0.45003876090049744,
    0.3645663261413574,
    0.3082085847854614,
    0.7230030298233032,
    0.3697778284549713,
    0.5863720178604126,
    0.42318835854530334,
    0.3126668930053711,
    0.3353620171546936,
    0.40433475375175476,
    0.38469967246055603,
    0.4660155177116394,
    0.31648361682891846,
    0.23319509625434875,
    0.44647255539894104,
    0.4483776390552521,
    0.3764819800853729,
    0.3699035942554474
  ],
  "val_loss": [
    3.2301106452941895,
    3.189012050628662,
    3.146665573120117,
    3.099025249481201,
    3.048243522644043,
    2.992276430130005,
    2.931419610977173,
    2.867055892944336,
    2.807621479034424,
    2.7408900260925293,
    2.667384147644043,
    2.5854885578155518,
    2.4952471256256104,
    2.395143747329712,
    2.281677722930908,
    2.1556496620178223,
    2.0168802738189697,
    1.865454912185669,
    1.7009903192520142,
    1.5216916799545288,
    1.331190586090088,
    1.1309592723846436,
    0.927395761013031,
    0.7236290574073792,
    0.5276978611946106,
    0.35279008746147156,
    0.20692774653434753,
    0.10849858820438385,
    0.046627406030893326,
    0.013139541260898113,
    0.0013931040884926915,
    0.00021083182946313173,
    0.0013933354057371616,
    0.00035197657416574657,
    0.00042699993355199695,
    0.006998996715992689,
    0.02160169743001461,
    0.04113322123885155,
    0.06339000165462494,
    0.08504494279623032,
    0.10316715389490128,
    0.11838667839765549,
    0.13179948925971985,
    0.13742521405220032,
    0.13977085053920746,
    0.1376432478427887,
    0.132028266787529,
    0.12467620521783829,
    0.11484365910291672,
    0.10736659914255142,
    0.09806624054908752,
    0.09287820756435394,
    0.08607988059520721,
    0.07912630587816238,
    0.07468659430742264,
    0.07016170024871826,
    0.06490376591682434,
    0.06135415658354759,
    0.05872374773025513,
    0.056100811809301376,
    0.052391860634088516,
    0.04948629066348076,
    0.048738446086645126,
    0.04932921379804611,
    0.05086277052760124,
    0.05168910324573517,
    0.05241827666759491,
    0.05300935357809067,
    0.053063713014125824,
    0.05398374795913696,
    0.054323744028806686,
    0.05560912936925888,
    0.05719970166683197,
    0.05876836180686951,
    0.05977356806397438,
    0.060711607336997986,
    0.06071072816848755,
    0.06051233038306236,
    0.06019311398267746,
    0.06028369814157486,
    0.06034312769770622,
    0.060552630573511124,
    0.06103773042559624,
    0.0610935240983963,
    0.06099827215075493,
    0.061081621795892715,
    0.061216454952955246,
    0.06130727380514145,
    0.061250027269124985,
    0.061280593276023865,
    0.06116538122296333,
    0.06097254157066345,
    0.06078735366463661,
    0.060446836054325104,
    0.05994243547320366,
    0.059510909020900726,
    0.05903105437755585,
    0.05872565507888794,
    0.058586783707141876,
    0.058365046977996826
  ],
  "train_mae": [
    1.9549028873443604,
    1.9411288499832153,
    1.927497386932373,
    1.9090062379837036,
    1.8962010145187378,
    1.8640886545181274,
    1.8563416004180908,
    1.8086107969284058,
    1.7939847707748413,
    1.7671329975128174,
    1.7716456651687622,
    1.7246453762054443,
    1.7159093618392944,
    1.6448687314987183,
    1.6471962928771973,
    1.5785733461380005,
    1.450931191444397,
    1.4463993310928345,
    1.390270471572876,
    1.2918795347213745,
    1.1809961795806885,
    1.227352499961853,
    1.0155643224716187,
    0.908878743648529,
    0.8999484181404114,
    0.7702990770339966,
    0.7979923486709595,
    0.8820280432701111,
    0.7685765624046326,
    0.7895172238349915,
    0.7353359460830688,
    0.8550345301628113,
    0.7635931372642517,
    0.7607428431510925,
    0.7007836103439331,
    0.7300204634666443,
    0.8227708339691162,
    0.6614152789115906,
    0.4587472379207611,
    0.6260173916816711,
    0.4622117280960083,
    0.5768133401870728,
    0.6444785594940186,
    0.46529826521873474,
    0.469301700592041,
    0.5483828186988831,
    0.4878048002719879,
    0.6008400321006775,
    0.6053402423858643,
    0.372121125459671,
    0.5410735011100769,
    0.5091416835784912,
    0.4022325575351715,
    0.4869137406349182,
    0.42200571298599243,
    0.3912609815597534,
    0.4157853126525879,
    0.45791998505592346,
    0.4482009708881378,
    0.4840189814567566,
    0.46239641308784485,
    0.47698795795440674,
    0.5924129486083984,
    0.5536426901817322,
    0.5315426588058472,
    0.5389836430549622,
    0.47090309858322144,
    0.449447363615036,
    0.5611487030982971,
    0.5054734945297241,
    0.6512525677680969,
    0.5622023940086365,
    0.4797252416610718,
    0.5492907166481018,
    0.5099208354949951,
    0.4875448942184448,
    0.538100004196167,
    0.5818712711334229,
    0.5107032656669617,
    0.4631834328174591,
    0.527654230594635,
    0.5394984483718872,
    0.5781193971633911,
    0.4473191499710083,
    0.4282282590866089,
    0.6735631823539734,
    0.4520028233528137,
    0.502052366733551,
    0.5345534682273865,
    0.43355587124824524,
    0.5035380125045776,
    0.5080617666244507,
    0.48246482014656067,
    0.5532018542289734,
    0.44900327920913696,
    0.39797037839889526,
    0.555435836315155,
    0.49069350957870483,
    0.4791722595691681,
    0.4367329776287079
  ],